city,sublocation,url,listings
Dubai,Jumeirah Village Circle (JVC),https://www.bayut.com/for-sale/property/dubai/jumeirah-village-circle-jvc/,"12,380"
Dubai,Business Bay,https://www.bayut.com/for-sale/property/dubai/business-bay/,"6,458"
Dubai,Dubai Land Residence Complex,https://www.bayut.com/for-sale/property/dubai/dubai-residence-complex/,"4,938"
Dubai,Dubailand,https://www.bayut.com/for-sale/property/dubai/dubailand/,"4,389"
Dubai,Al Furjan,https://www.bayut.com/for-sale/property/dubai/al-furjan/,"3,778"
Dubai,Majan,https://www.bayut.com/for-sale/property/dubai/majan/,"3,604"
Dubai,Downtown Dubai,https://www.bayut.com/for-sale/property/dubai/downtown-dubai/,"3,275"
Dubai,Dubai Islands,https://www.bayut.com/for-sale/property/dubai/dubai-islands/,"3,228"
Dubai,Dubai Marina,https://www.bayut.com/for-sale/property/dubai/dubai-marina/,"3,053"
Dubai,Dubai Sports City,https://www.bayut.com/for-sale/property/dubai/dubai-sports-city/,"2,854"
Dubai,Dubai Hills Estate,https://www.bayut.com/for-sale/property/dubai/dubai-hills-estate/,"2,725"
Dubai,Jumeirah Village Triangle (JVT),https://www.bayut.com/for-sale/property/dubai/jumeirah-village-triangle-jvt/,"2,719"
Dubai,Dubai South,https://www.bayut.com/for-sale/property/dubai/dubai-south/,"2,719"
Dubai,Arjan,https://www.bayut.com/for-sale/property/dubai/arjan/,"2,645"
Dubai,Dubai Creek Harbour,https://www.bayut.com/for-sale/property/dubai/dubai-creek-harbour/,"2,557"
Dubai,Dubai Investment Park (DIP),https://www.bayut.com/for-sale/property/dubai/dubai-investment-park-dip/,"2,326"
Dubai,Palm Jumeirah,https://www.bayut.com/for-sale/property/dubai/palm-jumeirah/,"2,016"
Dubai,Dubai Production City (IMPZ),https://www.bayut.com/for-sale/property/dubai/dubai-production-city-impz/,"1,986"
Dubai,Sobha Hartland,https://www.bayut.com/for-sale/property/dubai/sobha-hartland/,"1,949"
Dubai,Dubai Science Park,https://www.bayut.com/for-sale/property/dubai/dubai-science-park/,"1,900"
Dubai,Jumeirah Lake Towers (JLT),https://www.bayut.com/for-sale/property/dubai/jumeirah-lake-towers-jlt/,"1,752"
Dubai,DAMAC Hills 2 (Akoya by DAMAC),https://www.bayut.com/for-sale/property/dubai/damac-hills-2-akoya-by-damac/,"1,705"
Dubai,Al Jaddaf,https://www.bayut.com/for-sale/property/dubai/al-jaddaf/,"1,626"
Dubai,Dubai Harbour,https://www.bayut.com/for-sale/property/dubai/dubai-harbour/,"1,591"
Dubai,Mohammed Bin Rashid City,https://www.bayut.com/for-sale/property/dubai/mohammed-bin-rashid-city/,"1,574"
Dubai,International City,https://www.bayut.com/for-sale/property/dubai/international-city/,"1,471"
Dubai,Dubai Silicon Oasis (DSO),https://www.bayut.com/for-sale/property/dubai/dubai-silicon-oasis-dso/,"1,344"
Dubai,DAMAC Hills,https://www.bayut.com/for-sale/property/dubai/damac-hills/,"1,309"
Dubai,Motor City,https://www.bayut.com/for-sale/property/dubai/motor-city/,"1,305"
Dubai,Meydan City,https://www.bayut.com/for-sale/property/dubai/meydan-city/,"1,199"
Dubai,Al Satwa,https://www.bayut.com/for-sale/property/dubai/al-satwa/,"1,111"
Dubai,Bukadra,https://www.bayut.com/for-sale/property/dubai/bukadra/,"1,108"
Dubai,Dubai Maritime City,https://www.bayut.com/for-sale/property/dubai/dubai-maritime-city/,"1,078"
Dubai,Culture Village (Jaddaf Waterfront),https://www.bayut.com/for-sale/property/dubai/culture-village/,"1,076"
Dubai,DAMAC Lagoons,https://www.bayut.com/for-sale/property/dubai/damac-lagoons/,"1,069"
Dubai,City of Arabia,https://www.bayut.com/for-sale/property/dubai/city-of-arabia/,"1,038"
Dubai,Al Wasl,https://www.bayut.com/for-sale/property/dubai/al-wasl/,995
Dubai,Town Square,https://www.bayut.com/for-sale/property/dubai/town-square/,942
Dubai,The Valley by Emaar,https://www.bayut.com/for-sale/property/dubai/the-valley-by-emaar/,880
Dubai,Wasl Gate,https://www.bayut.com/for-sale/property/dubai/wasl-gate/,783
Dubai,Dubai Studio City,https://www.bayut.com/for-sale/property/dubai/dubai-studio-city/,749
Dubai,Jumeirah Beach Residence (JBR),https://www.bayut.com/for-sale/property/dubai/jumeirah-beach-residence-jbr/,724
Dubai,Jebel Ali,https://www.bayut.com/for-sale/property/dubai/jebel-ali/,679
Dubai,Mina Rashid,https://www.bayut.com/for-sale/property/dubai/mina-rashid/,647
Dubai,Sheikh Zayed Road,https://www.bayut.com/for-sale/property/dubai/sheikh-zayed-road/,521
Dubai,Discovery Gardens,https://www.bayut.com/for-sale/property/dubai/discovery-gardens/,508
Dubai,Liwan,https://www.bayut.com/for-sale/property/dubai/liwan/,495
Dubai,Arabian Ranches 3,https://www.bayut.com/for-sale/property/dubai/arabian-ranches-3/,490
Dubai,Tilal Al Ghaf,https://www.bayut.com/for-sale/property/dubai/tilal-al-ghaf/,481
Dubai,Expo City,https://www.bayut.com/for-sale/property/dubai/expo-city/,472
Dubai,Za'abeel,https://www.bayut.com/for-sale/property/dubai/za-abeel/,464
Dubai,Ghaf Woods,https://www.bayut.com/for-sale/property/dubai/dubailand/ghaf-woods/,444
Dubai,Nad Al Sheba,https://www.bayut.com/for-sale/property/dubai/nad-al-sheba/,438
Dubai,Mudon,https://www.bayut.com/for-sale/property/dubai/mudon/,409
Dubai,Umm Suqeim,https://www.bayut.com/for-sale/property/dubai/umm-suqeim/,397
Dubai,The Oasis by Emaar,https://www.bayut.com/for-sale/property/dubai/the-oasis-by-emaar/,362
Dubai,Jumeirah,https://www.bayut.com/for-sale/property/dubai/jumeirah/,323
Dubai,Jumeirah Golf Estates,https://www.bayut.com/for-sale/property/dubai/jumeirah-golf-estates/,322
Dubai,The Springs,https://www.bayut.com/for-sale/property/dubai/the-springs/,279
Dubai,Haven by Aldar,https://www.bayut.com/for-sale/property/dubai/dubailand/haven-by-aldar/,278
Dubai,DIFC,https://www.bayut.com/for-sale/property/dubai/difc/,275
Dubai,Barsha Heights (Tecom),https://www.bayut.com/for-sale/property/dubai/tecom/,269
Dubai,The Acres,https://www.bayut.com/for-sale/property/dubai/the-acres/,262
Dubai,Bluewaters Island,https://www.bayut.com/for-sale/property/dubai/bluewaters-island/,258
Dubai,Arabian Ranches,https://www.bayut.com/for-sale/property/dubai/arabian-ranches/,239
Dubai,DAMAC Islands,https://www.bayut.com/for-sale/property/dubai/dubailand/damac-islands/,233
Dubai,Palm Jebel Ali,https://www.bayut.com/for-sale/property/dubai/palm-jebel-ali/,216
Dubai,Bur Dubai,https://www.bayut.com/for-sale/property/dubai/bur-dubai/,216
Dubai,Dubai Industrial City,https://www.bayut.com/for-sale/property/dubai/dubai-industrial-city/,213
Dubai,Mirdif,https://www.bayut.com/for-sale/property/dubai/mirdif/,197
Dubai,Jumeirah Park,https://www.bayut.com/for-sale/property/dubai/jumeirah-park/,189
Dubai,Falcon City of Wonders,https://www.bayut.com/for-sale/property/dubai/falcon-city-of-wonders/,181
Dubai,The Views,https://www.bayut.com/for-sale/property/dubai/the-views/,167
Dubai,Jumeirah Islands,https://www.bayut.com/for-sale/property/dubai/jumeirah-islands/,161
Dubai,Athlon by Aldar,https://www.bayut.com/for-sale/property/dubai/athlon-by-aldar/,158
Dubai,Dubai Design District,https://www.bayut.com/for-sale/property/dubai/dubai-design-district/,149
Dubai,The Greens,https://www.bayut.com/for-sale/property/dubai/the-greens/,145
Dubai,Remraam,https://www.bayut.com/for-sale/property/dubai/remraam/,143
Dubai,Ras Al Khor,https://www.bayut.com/for-sale/property/dubai/ras-al-khor/,130
Dubai,Reem,https://www.bayut.com/for-sale/property/dubai/reem/,129
Dubai,The Meadows,https://www.bayut.com/for-sale/property/dubai/the-meadows/,124
Dubai,Al Sufouh,https://www.bayut.com/for-sale/property/dubai/al-sufouh/,115
Dubai,Dubai Internet City,https://www.bayut.com/for-sale/property/dubai/dubai-internet-city/,114
Dubai,The Villa,https://www.bayut.com/for-sale/property/dubai/the-villa/,111
Dubai,Living Legends,https://www.bayut.com/for-sale/property/dubai/living-legends/,107
Dubai,Al Barari,https://www.bayut.com/for-sale/property/dubai/al-barari/,101
Dubai,The World Islands,https://www.bayut.com/for-sale/property/dubai/the-world-islands/,87
Dubai,Al Barsha,https://www.bayut.com/for-sale/property/dubai/al-barsha/,81
Dubai,Arabian Ranches 2,https://www.bayut.com/for-sale/property/dubai/arabian-ranches-2/,78
Dubai,Al Quoz,https://www.bayut.com/for-sale/property/dubai/al-quoz/,73
Dubai,Dubai Media City,https://www.bayut.com/for-sale/property/dubai/dubai-media-city/,70
Dubai,Serena,https://www.bayut.com/for-sale/property/dubai/serena/,67
Dubai,Green Community,https://www.bayut.com/for-sale/property/dubai/green-community/,54
Dubai,The Lakes,https://www.bayut.com/for-sale/property/dubai/the-lakes/,45
Dubai,Pearl Jumeirah,https://www.bayut.com/for-sale/property/dubai/pearl-jumeirah/,39
Dubai,The Hills,https://www.bayut.com/for-sale/property/dubai/the-hills/,31
Dubai,Dubai Festival City,https://www.bayut.com/for-sale/property/dubai/dubai-festival-city/,28
Dubai,World Trade Centre,https://www.bayut.com/for-sale/property/dubai/world-trade-centre/,24
Dubai,Muhaisnah,https://www.bayut.com/for-sale/property/dubai/muhaisnah/,24
Dubai,Deira,https://www.bayut.com/for-sale/property/dubai/deira/,17
Dubai,Emirates Hills,https://www.bayut.com/for-sale/property/dubai/emirates-hills/,16
Dubai,Dubai Waterfront,https://www.bayut.com/for-sale/property/dubai/dubai-waterfront/,11
Dubai,Jumeirah Heights,https://www.bayut.com/for-sale/property/dubai/jumeirah-heights/,10
Dubai,Al Mamzar,https://www.bayut.com/for-sale/property/dubai/al-mamzar/,9
Dubai,Al Mina,https://www.bayut.com/for-sale/property/dubai/al-mina/,7
Dubai,Al Warqaa,https://www.bayut.com/for-sale/property/dubai/al-warqaa/,7
Dubai,Umm Al Sheif,https://www.bayut.com/for-sale/property/dubai/umm-al-sheif/,7
Dubai,Liwan 2,https://www.bayut.com/for-sale/property/dubai/liwan-2/,7
Dubai,Nad Al Hamar,https://www.bayut.com/for-sale/property/dubai/nad-al-hamar/,7
Dubai,Al Twar,https://www.bayut.com/for-sale/property/dubai/al-twar/,6
Dubai,Al Khawaneej,https://www.bayut.com/for-sale/property/dubai/al-khawaneej/,5
Dubai,Al Mizhar,https://www.bayut.com/for-sale/property/dubai/al-mizhar/,5
Dubai,Al Qusais,https://www.bayut.com/for-sale/property/dubai/al-qusais/,4
Dubai,Al Safa,https://www.bayut.com/for-sale/property/dubai/al-safa/,4
Dubai,Al Rashidiya,https://www.bayut.com/for-sale/property/dubai/al-rashidiya/,3
Dubai,Hadaeq Sheikh Mohammed Bin Rashid,https://www.bayut.com/for-sale/property/dubai/hadaeq-sheikh-mohammed-bin-rashid/,3
Dubai,Al Manara,https://www.bayut.com/for-sale/property/dubai/al-manara/,3
Dubai,Al Jafiliya,https://www.bayut.com/for-sale/property/dubai/al-jafiliya/,2
Dubai,Me'aisem 1,https://www.bayut.com/for-sale/property/dubai/me-aisem-1/,2
Dubai,Al Nahda (Dubai),https://www.bayut.com/for-sale/property/dubai/al-nahda-dubai/,1
Dubai,The Sustainable City,https://www.bayut.com/for-sale/property/dubai/the-sustainable-city/,1
Dubai,Al Garhoud,https://www.bayut.com/for-sale/property/dubai/al-garhoud/,1
Dubai,Al Warsan,https://www.bayut.com/for-sale/property/dubai/al-warsan/,1
Dubai,Al Awir,https://www.bayut.com/for-sale/property/dubai/al-awir/,1
Dubai,Al Karama,https://www.bayut.com/for-sale/property/dubai/al-karama/,1
Abu Dhabi,Al Reem Island,https://www.bayut.com/for-sale/property/abu-dhabi/al-reem-island/,"8,617"
Abu Dhabi,Yas Island,https://www.bayut.com/for-sale/property/abu-dhabi/yas-island/,899
Abu Dhabi,Al Maryah Island,https://www.bayut.com/for-sale/property/abu-dhabi/al-maryah-island/,679
Abu Dhabi,Saadiyat Island,https://www.bayut.com/for-sale/property/abu-dhabi/saadiyat-island/,634
Abu Dhabi,Al Shamkha,https://www.bayut.com/for-sale/property/abu-dhabi/al-shamkha/,335
Abu Dhabi,Zayed City,https://www.bayut.com/for-sale/property/abu-dhabi/zayed-city/,252
Abu Dhabi,Al Raha Beach,https://www.bayut.com/for-sale/property/abu-dhabi/al-raha-beach/,126
Abu Dhabi,Fahid Island,https://www.bayut.com/for-sale/property/abu-dhabi/fahid-island/,113
Abu Dhabi,Al Reef,https://www.bayut.com/for-sale/property/abu-dhabi/al-reef/,110
Abu Dhabi,Al Ghadeer,https://www.bayut.com/for-sale/property/abu-dhabi/al-ghadeer/,98
Abu Dhabi,Al Hudayriat Island,https://www.bayut.com/for-sale/property/abu-dhabi/al-hudayriat-island/,94
Abu Dhabi,Masdar City,https://www.bayut.com/for-sale/property/abu-dhabi/masdar-city/,86
Abu Dhabi,Al Jubail Island,https://www.bayut.com/for-sale/property/abu-dhabi/al-jubail-island/,70
Abu Dhabi,Al Raha Gardens,https://www.bayut.com/for-sale/property/abu-dhabi/al-raha-gardens/,43
Abu Dhabi,Khalifa City,https://www.bayut.com/for-sale/property/abu-dhabi/khalifa-city/,30
Abu Dhabi,Rabdan,https://www.bayut.com/for-sale/property/abu-dhabi/rabdan/,25
Abu Dhabi,Al Jurf,https://www.bayut.com/for-sale/property/abu-dhabi/al-jurf/,25
Abu Dhabi,The Marina,https://www.bayut.com/for-sale/property/abu-dhabi/the-marina/,21
Abu Dhabi,Al Muntazah,https://www.bayut.com/for-sale/property/abu-dhabi/al-muntazah/,20
Abu Dhabi,Baniyas,https://www.bayut.com/for-sale/property/abu-dhabi/baniyas/,9
Abu Dhabi,Madinat Al Riyad,https://www.bayut.com/for-sale/property/abu-dhabi/madinat-al-riyadh/,7
Abu Dhabi,Al Samha,https://www.bayut.com/for-sale/property/abu-dhabi/al-samha/,7
Abu Dhabi,Shakhbout City,https://www.bayut.com/for-sale/property/abu-dhabi/shakhbout-city/,7
Abu Dhabi,Ramhan Island,https://www.bayut.com/for-sale/property/abu-dhabi/ramhan-island/,6
Abu Dhabi,Mohamed Bin Zayed City,https://www.bayut.com/for-sale/property/abu-dhabi/mohammed-bin-zayed-city/,5
Abu Dhabi,Al Sila,https://www.bayut.com/for-sale/property/abu-dhabi/al-sila/,4
Abu Dhabi,Nurai Island,https://www.bayut.com/for-sale/property/abu-dhabi/nurai-island/,3
Abu Dhabi,Nareel Island,https://www.bayut.com/for-sale/property/abu-dhabi/nareel-island/,3
Abu Dhabi,Al Bateen,https://www.bayut.com/for-sale/property/abu-dhabi/al-bateen/,2
Abu Dhabi,Al Rahbah,https://www.bayut.com/for-sale/property/abu-dhabi/al-rahbah/,2
Abu Dhabi,Al Qurm,https://www.bayut.com/for-sale/property/abu-dhabi/al-qurm/,2
Abu Dhabi,Al Gurm,https://www.bayut.com/for-sale/property/abu-dhabi/al-gurm/,1
Abu Dhabi,Hadbat Al Zaafran,https://www.bayut.com/for-sale/property/abu-dhabi/hadbat-al-zaafran/,1
Abu Dhabi,Al Nahdah,https://www.bayut.com/for-sale/property/abu-dhabi/al-nahdah/,1
Abu Dhabi,Al Manhal,https://www.bayut.com/for-sale/property/abu-dhabi/al-manhal/,1
Abu Dhabi,Marina Village,https://www.bayut.com/for-sale/property/abu-dhabi/marina-village/,1
Abu Dhabi,Al Nahyan,https://www.bayut.com/for-sale/property/abu-dhabi/al-nahyan/,1
Abu Dhabi,Al Khalidiyah,https://www.bayut.com/for-sale/property/abu-dhabi/al-khalidiyah/,1
Sharjah,Tilal City,https://www.bayut.com/for-sale/property/sharjah/tilal-city/,"10,610"
Sharjah,Muwaileh,https://www.bayut.com/for-sale/property/sharjah/muwaileh/,"8,785"
Sharjah,Aljada,https://www.bayut.com/for-sale/property/sharjah/aljada/,"6,837"
Sharjah,Ajmal Makan City - Sharjah Waterfront,https://www.bayut.com/for-sale/property/sharjah/sharjah-waterfront-city/,"6,045"
Sharjah,Al Khan,https://www.bayut.com/for-sale/property/sharjah/al-khan/,"3,369"
Sharjah,Barashi,https://www.bayut.com/for-sale/property/sharjah/barashi/,"3,353"
Sharjah,Al Sehma,https://www.bayut.com/for-sale/property/sharjah/al-sehma/,"2,685"
Sharjah,Sharjah Garden City,https://www.bayut.com/for-sale/property/sharjah/sharjah-garden-city/,"2,279"
Sharjah,Al Mamzar,https://www.bayut.com/for-sale/property/sharjah/al-mamzar/,"1,691"
Sharjah,Al Rahmaniya,https://www.bayut.com/for-sale/property/sharjah/al-rahmaniya/,"1,675"
Sharjah,Hoshi,https://www.bayut.com/for-sale/property/sharjah/hoshi/,878
Sharjah,Al Majaz,https://www.bayut.com/for-sale/property/sharjah/al-majaz/,780
Sharjah,Al Tay West,https://www.bayut.com/for-sale/property/sharjah/al-tay-west/,726
Sharjah,Al Tai,https://www.bayut.com/for-sale/property/sharjah/al-tai/,657
Sharjah,Al Suyoh,https://www.bayut.com/for-sale/property/sharjah/al-suyoh/,621
Sharjah,Al Hamriyah,https://www.bayut.com/for-sale/property/sharjah/al-hamriyah/,491
Sharjah,Al Tay East,https://www.bayut.com/for-sale/property/sharjah/al-tay-east/,431
Sharjah,Rodhat Al Sidir,https://www.bayut.com/for-sale/property/sharjah/rodhat-al-sidir/,376
Sharjah,Al Belaida,https://www.bayut.com/for-sale/property/sharjah/al-belaida/,375
Sharjah,Al Taawun,https://www.bayut.com/for-sale/property/sharjah/al-taawun/,352
Sharjah,Al Rifah,https://www.bayut.com/for-sale/property/sharjah/al-rifah/,289
Sharjah,Al Nahda (Sharjah),https://www.bayut.com/for-sale/property/sharjah/al-nahda-sharjah/,202
Sharjah,Al Qasba,https://www.bayut.com/for-sale/property/sharjah/al-qasba/,184
Sharjah,Khor Fakkan,https://www.bayut.com/for-sale/property/sharjah/khor-fakkan/,182
Sharjah,Muzairah,https://www.bayut.com/for-sale/property/sharjah/muzairah/,171
Sharjah,Muwaileh Commercial,https://www.bayut.com/for-sale/property/sharjah/muwaileh-commercial/,164
Sharjah,Al Metraq,https://www.bayut.com/for-sale/property/sharjah/al-metraq/,147
Sharjah,Al Zubair,https://www.bayut.com/for-sale/property/sharjah/al-zubair/,143
Sharjah,Al Riqaibah,https://www.bayut.com/for-sale/property/sharjah/al-riqaibah/,109
Sharjah,Al Qasimia,https://www.bayut.com/for-sale/property/sharjah/al-qasimia/,105
Sharjah,Rodhat Al Qrt,https://www.bayut.com/for-sale/property/sharjah/rodhat-al-qrt/,105
Sharjah,Al Noaf,https://www.bayut.com/for-sale/property/sharjah/al-noaf/,97
Sharjah,Al Yash,https://www.bayut.com/for-sale/property/sharjah/al-yash/,72
Sharjah,Al Sabkha,https://www.bayut.com/for-sale/property/sharjah/al-sabkha/,70
Sharjah,Al Madam,https://www.bayut.com/for-sale/property/sharjah/al-madam/,66
Sharjah,Sharqan,https://www.bayut.com/for-sale/property/sharjah/shargan/,65
Sharjah,Al Qarayen,https://www.bayut.com/for-sale/property/sharjah/al-qarayen/,55
Sharjah,Al Goaz,https://www.bayut.com/for-sale/property/sharjah/al-goaz/,52
Sharjah,Bu Tina,https://www.bayut.com/for-sale/property/sharjah/bu-tina/,47
Sharjah,Abu Shagara,https://www.bayut.com/for-sale/property/sharjah/abu-shagara/,45
Sharjah,Al Qadisiya,https://www.bayut.com/for-sale/property/sharjah/al-qadisiya/,44
Sharjah,Al Jazzat,https://www.bayut.com/for-sale/property/sharjah/al-jazzat/,41
Sharjah,Al Darari,https://www.bayut.com/for-sale/property/sharjah/al-darari/,37
Sharjah,Al Ramaqiya,https://www.bayut.com/for-sale/property/sharjah/al-ramaqiya/,35
Sharjah,Al Sajaa,https://www.bayut.com/for-sale/property/sharjah/al-sajaa/,35
Sharjah,Al Fisht,https://www.bayut.com/for-sale/property/sharjah/al-fisht/,29
Sharjah,Wasit Suburb,https://www.bayut.com/for-sale/property/sharjah/wasit-suburb/,28
Sharjah,Al Ramtha,https://www.bayut.com/for-sale/property/sharjah/al-ramtha/,27
Sharjah,Al Azra,https://www.bayut.com/for-sale/property/sharjah/al-azra/,23
Sharjah,Hay Al Dibdibah South,https://www.bayut.com/for-sale/property/sharjah/hay-al-dibdibah-south/,22
Sharjah,Al Ghafia,https://www.bayut.com/for-sale/property/sharjah/al-ghafia/,22
Sharjah,Al Nekhailat,https://www.bayut.com/for-sale/property/sharjah/al-nekhailat/,21
Sharjah,Al Ramla,https://www.bayut.com/for-sale/property/sharjah/al-ramla/,21
Sharjah,Al Khezamia,https://www.bayut.com/for-sale/property/sharjah/al-khezamia/,20
Sharjah,Al Nabba,https://www.bayut.com/for-sale/property/sharjah/al-nabba/,20
Sharjah,Al Khaledia Suburb,https://www.bayut.com/for-sale/property/sharjah/al-khaledia-suburb/,18
Sharjah,Al Fayha,https://www.bayut.com/for-sale/property/sharjah/al-fayha/,16
Sharjah,Al Hazannah,https://www.bayut.com/for-sale/property/sharjah/al-hazannah/,15
Sharjah,Al Mujarrah,https://www.bayut.com/for-sale/property/sharjah/al-mujarrah/,15
Sharjah,Al Musalla,https://www.bayut.com/for-sale/property/sharjah/al-musalla/,14
Sharjah,Al Shahba,https://www.bayut.com/for-sale/property/sharjah/al-shahba/,13
Sharjah,Halwan Suburb,https://www.bayut.com/for-sale/property/sharjah/halwan-suburb/,13
Sharjah,Al Qulayaah,https://www.bayut.com/for-sale/property/sharjah/al-qulayaah/,13
Sharjah,Al Talae,https://www.bayut.com/for-sale/property/sharjah/al-talae/,12
Sharjah,Muwafjah,https://www.bayut.com/for-sale/property/sharjah/muwafjah/,12
Sharjah,Al Ghubaiba,https://www.bayut.com/for-sale/property/sharjah/al-ghubaiba/,12
Sharjah,Al Mansoura,https://www.bayut.com/for-sale/property/sharjah/al-mansoura/,11
Sharjah,Al Sajaa Industrial,https://www.bayut.com/for-sale/property/sharjah/al-sajaa-industrial/,11
Sharjah,Al Riqqa Suburb,https://www.bayut.com/for-sale/property/sharjah/al-riqqa-suburb/,10
Sharjah,Al Yarmook,https://www.bayut.com/for-sale/property/sharjah/al-yarmook/,10
Sharjah,Al Juraina,https://www.bayut.com/for-sale/property/sharjah/al-juraina/,10
Sharjah,Maysaloon,https://www.bayut.com/for-sale/property/sharjah/maysaloon/,9
Sharjah,Al Mirgab,https://www.bayut.com/for-sale/property/sharjah/al-mirgab/,8
Sharjah,Samnan,https://www.bayut.com/for-sale/property/sharjah/samnan/,8
Sharjah,Al Maliha,https://www.bayut.com/for-sale/property/sharjah/al-maliha/,8
Sharjah,Al Mahatah,https://www.bayut.com/for-sale/property/sharjah/al-mahatah/,7
Sharjah,Mughaidir Suburb,https://www.bayut.com/for-sale/property/sharjah/mughaidir-suburb/,7
Sharjah,Al Falaj,https://www.bayut.com/for-sale/property/sharjah/al-falaj/,7
Sharjah,Bu Daniq,https://www.bayut.com/for-sale/property/sharjah/bu-daniq/,7
Sharjah,Turrfa,https://www.bayut.com/for-sale/property/sharjah/turrfa/,6
Sharjah,Kalba,https://www.bayut.com/for-sale/property/sharjah/kalba/,6
Sharjah,Maleha,https://www.bayut.com/for-sale/property/sharjah/maleha/,5
Sharjah,Al Nasserya,https://www.bayut.com/for-sale/property/sharjah/al-nasserya/,5
Sharjah,Sharjah University City,https://www.bayut.com/for-sale/property/sharjah/sharjah-university-city/,5
Sharjah,Um Tarafa,https://www.bayut.com/for-sale/property/sharjah/um-tarafa/,5
Sharjah,Al Dhaid,https://www.bayut.com/for-sale/property/sharjah/al-dhaid/,4
Sharjah,Dasman,https://www.bayut.com/for-sale/property/sharjah/dasman/,4
Sharjah,Industrial Area,https://www.bayut.com/for-sale/property/sharjah/industrial-area/,4
Sharjah,Athaib,https://www.bayut.com/for-sale/property/sharjah/athaib/,4
Sharjah,Al Rifa,https://www.bayut.com/for-sale/property/sharjah/al-rifa/,4
Sharjah,Jwezaa,https://www.bayut.com/for-sale/property/sharjah/jwezaa/,4
Sharjah,Al Sweihat,https://www.bayut.com/for-sale/property/sharjah/al-sweihat/,4
Sharjah,Al Ghuwair,https://www.bayut.com/for-sale/property/sharjah/al-ghuwair/,3
Sharjah,Turrfana,https://www.bayut.com/for-sale/property/sharjah/turrfana/,3
Sharjah,Hamriyah Free Zone,https://www.bayut.com/for-sale/property/sharjah/hamriyah-free-zone/,3
Sharjah,Al Heerah Suburb,https://www.bayut.com/for-sale/property/sharjah/al-heerah-suburb/,3
Sharjah,Al Sharq,https://www.bayut.com/for-sale/property/sharjah/al-sharq/,2
Sharjah,Al Khalid Lake Trail,https://www.bayut.com/for-sale/property/sharjah/al-khalid-lake-trail/,2
Sharjah,Al Manakh,https://www.bayut.com/for-sale/property/sharjah/al-manakh/,2
Sharjah,Corniche Al Buhaira,https://www.bayut.com/for-sale/property/sharjah/corniche-al-buhaira/,2
Sharjah,Al Wahda Street,https://www.bayut.com/for-sale/property/sharjah/al-wahda-street/,2
Sharjah,Al Shuwaihean,https://www.bayut.com/for-sale/property/sharjah/al-shuwaihean/,2
Sharjah,Al Bataeh,https://www.bayut.com/for-sale/property/sharjah/al-bataeh/,1
Sharjah,Al Abar,https://www.bayut.com/for-sale/property/sharjah/al-abar/,1
Sharjah,Sharjah Investment Center,https://www.bayut.com/for-sale/property/sharjah/sharjah-investment-center/,1
Sharjah,Al Mareija,https://www.bayut.com/for-sale/property/sharjah/al-mareija/,1
Ajman,Al Helio,https://www.bayut.com/for-sale/property/ajman/al-helio/,"10,358"
Ajman,Al Yasmeen,https://www.bayut.com/for-sale/property/ajman/al-yasmeen/,"8,233"
Ajman,Al Zahya,https://www.bayut.com/for-sale/property/ajman/al-zahya/,"5,934"
Ajman,Al Amerah,https://www.bayut.com/for-sale/property/ajman/al-amerah/,"2,465"
Ajman,Al Rashidiya,https://www.bayut.com/for-sale/property/ajman/al-rashidiya/,"2,413"
Ajman,Al Bahia,https://www.bayut.com/for-sale/property/ajman/al-bahia/,"2,045"
Ajman,Al Alia,https://www.bayut.com/for-sale/property/ajman/al-alia/,"1,534"
Ajman,Al Rawda,https://www.bayut.com/for-sale/property/ajman/al-rawda/,"1,513"
Ajman,Al Nuaimiya,https://www.bayut.com/for-sale/property/ajman/al-nuaimiya/,"1,452"
Ajman,Emirates City,https://www.bayut.com/for-sale/property/ajman/emirates-city/,"1,410"
Ajman,Al Zorah,https://www.bayut.com/for-sale/property/ajman/al-zorah/,"1,340"
Ajman,Al Mowaihat,https://www.bayut.com/for-sale/property/ajman/al-mowaihat/,"1,176"
Ajman,Ajman Free Zone,https://www.bayut.com/for-sale/property/ajman/ajman-free-zone/,866
Ajman,Ajman Downtown,https://www.bayut.com/for-sale/property/ajman/ajman-downtown/,693
Ajman,Ajman Uptown,https://www.bayut.com/for-sale/property/ajman/ajman-uptown/,638
Ajman,Al Manama,https://www.bayut.com/for-sale/property/ajman/al-manama/,464
Ajman,Al Bustan,https://www.bayut.com/for-sale/property/ajman/al-bustan/,439
Ajman,Corniche Ajman,https://www.bayut.com/for-sale/property/ajman/corniche-ajman/,318
Ajman,Al Jurf,https://www.bayut.com/for-sale/property/ajman/jurf/,277
Ajman,Al Humaid City,https://www.bayut.com/for-sale/property/ajman/al-humaid-city/,195
Ajman,Sheikh Maktoum Bin Rashid Street,https://www.bayut.com/for-sale/property/ajman/sheikh-maktoum-bin-rashid-street/,158
Ajman,Garden City,https://www.bayut.com/for-sale/property/ajman/garden-city/,93
Ajman,Al Tallah 2,https://www.bayut.com/for-sale/property/ajman/al-tallah-2/,85
Ajman,Ain Ajman,https://www.bayut.com/for-sale/property/ajman/ain-ajman/,84
Ajman,Al Hamidiyah,https://www.bayut.com/for-sale/property/ajman/al-hamidiya/,84
Ajman,Masfout,https://www.bayut.com/for-sale/property/ajman/masfout/,62
Ajman,Liwara 2,https://www.bayut.com/for-sale/property/ajman/liwara-2/,58
Ajman,Al Nakhil,https://www.bayut.com/for-sale/property/ajman/al-nakhil/,57
Ajman,Ajman Industrial,https://www.bayut.com/for-sale/property/ajman/ajman-industrial/,51
Ajman,Liwara 1,https://www.bayut.com/for-sale/property/ajman/liwara-1/,49
Ajman,Al Rumaila,https://www.bayut.com/for-sale/property/ajman/al-rumaila/,48
Ajman,Musherief,https://www.bayut.com/for-sale/property/ajman/musherief/,31
Ajman,Al Tallah 1,https://www.bayut.com/for-sale/property/ajman/al-tallah-1/,22
Ajman,Al Raqaib,https://www.bayut.com/for-sale/property/ajman/al-raqaib/,15
Ajman,Marmooka City,https://www.bayut.com/for-sale/property/ajman/marmooka-city/,11
Ajman,Alamra tower,https://www.bayut.com/for-sale/property/ajman/alamra-tower/,6
Ajman,Emirates Lake Towers,https://www.bayut.com/for-sale/property/ajman/emirates-lake-towers/,6
Ajman,Al Sawan,https://www.bayut.com/for-sale/property/ajman/al-sawan/,5
Ajman,Al Karama Area,https://www.bayut.com/for-sale/property/ajman/al-karama-area/,4
Ajman,Sheikh Khalifa Bin Zayed Street,https://www.bayut.com/for-sale/property/ajman/sheikh-khalifa-bin-zayed-street/,4
Ajman,Al Zahraa,https://www.bayut.com/for-sale/property/ajman/al-zahraa/,3
Ajman,Ajman Marina,https://www.bayut.com/for-sale/property/ajman/ajman-marina/,2
Ajman,Awali City,https://www.bayut.com/for-sale/property/ajman/awali-city/,1
Ras Al Khaimah,Al Marjan Island,https://www.bayut.com/for-sale/property/ras-al-khaimah/al-marjan-island/,"6,981"
Ras Al Khaimah,Mina Al Arab,https://www.bayut.com/for-sale/property/ras-al-khaimah/mina-al-arab/,"2,235"
Ras Al Khaimah,Al Hamra Village,https://www.bayut.com/for-sale/property/ras-al-khaimah/al-hamra-village/,"1,810"
Ras Al Khaimah,RAK Central,https://www.bayut.com/for-sale/property/ras-al-khaimah/rak-central/,608
Ras Al Khaimah,Al Mairid,https://www.bayut.com/for-sale/property/ras-al-khaimah/al-mairid/,50
Ras Al Khaimah,Al Dhait,https://www.bayut.com/for-sale/property/ras-al-khaimah/al-dhait/,50
Ras Al Khaimah,Dafan Al Nakheel,https://www.bayut.com/for-sale/property/ras-al-khaimah/dafan-al-nakheel/,40
Ras Al Khaimah,Yasmin Village,https://www.bayut.com/for-sale/property/ras-al-khaimah/yasmin-village/,28
Ras Al Khaimah,Julfar,https://www.bayut.com/for-sale/property/ras-al-khaimah/julfar/,15
Ras Al Khaimah,Seih Al Uraibi,https://www.bayut.com/for-sale/property/ras-al-khaimah/seih-al-uraibi/,12
Ras Al Khaimah,Seih Al Ghubb,https://www.bayut.com/for-sale/property/ras-al-khaimah/seih-al-ghubb/,10
Ras Al Khaimah,Seih Al Qusaidat,https://www.bayut.com/for-sale/property/ras-al-khaimah/seih-al-qusaidat/,8
Ras Al Khaimah,Shamal Julphar,https://www.bayut.com/for-sale/property/ras-al-khaimah/shamal-julphar/,8
Ras Al Khaimah,Al Kharran,https://www.bayut.com/for-sale/property/ras-al-khaimah/al-kharran/,7
Ras Al Khaimah,Al Qusaidat,https://www.bayut.com/for-sale/property/ras-al-khaimah/al-qusaidat/,7
Ras Al Khaimah,Al Seer,https://www.bayut.com/for-sale/property/ras-al-khaimah/al-seer/,7
Ras Al Khaimah,Al Refaa,https://www.bayut.com/for-sale/property/ras-al-khaimah/al-refaa/,6
Ras Al Khaimah,Mudfak,https://www.bayut.com/for-sale/property/ras-al-khaimah/mudfak/,6
Ras Al Khaimah,Khuzam,https://www.bayut.com/for-sale/property/ras-al-khaimah/khuzam/,6
Ras Al Khaimah,Al Uraibi,https://www.bayut.com/for-sale/property/ras-al-khaimah/al-uraibi/,5
Ras Al Khaimah,Al Rams,https://www.bayut.com/for-sale/property/ras-al-khaimah/al-rams/,5
Ras Al Khaimah,Seih Al Harf,https://www.bayut.com/for-sale/property/ras-al-khaimah/seih-al-harf/,5
Ras Al Khaimah,Al Ghubb,https://www.bayut.com/for-sale/property/ras-al-khaimah/al-ghubb/,5
Ras Al Khaimah,Al Sharisha,https://www.bayut.com/for-sale/property/ras-al-khaimah/al-sharisha/,5
Ras Al Khaimah,Shamal,https://www.bayut.com/for-sale/property/ras-al-khaimah/shamal/,4
Ras Al Khaimah,Ras Al Khaimah Gateway,https://www.bayut.com/for-sale/property/ras-al-khaimah/ras-al-khaimah-gateway/,4
Ras Al Khaimah,Al Nakheel,https://www.bayut.com/for-sale/property/ras-al-khaimah/al-nakheel/,4
Ras Al Khaimah,Dafan Al Khor,https://www.bayut.com/for-sale/property/ras-al-khaimah/dafan-al-khor/,3
Ras Al Khaimah,The Ritz-Carlton Residences,https://www.bayut.com/for-sale/property/ras-al-khaimah/the-ritz-carlton-residences/,3
Ras Al Khaimah,Al Hudaibah,https://www.bayut.com/for-sale/property/ras-al-khaimah/al-hudaibah/,3
Ras Al Khaimah,Seih Al Burairat,https://www.bayut.com/for-sale/property/ras-al-khaimah/seih-al-burairat/,2
Ras Al Khaimah,Khatt,https://www.bayut.com/for-sale/property/ras-al-khaimah/khatt/,2
Ras Al Khaimah,Seih Al Hudaibah,https://www.bayut.com/for-sale/property/ras-al-khaimah/seih-al-hudaibah/,2
Ras Al Khaimah,Al Fahlain,https://www.bayut.com/for-sale/property/ras-al-khaimah/al-fahlain/,2
Ras Al Khaimah,Shawka,https://www.bayut.com/for-sale/property/ras-al-khaimah/shawka/,1
Ras Al Khaimah,Al Salihia,https://www.bayut.com/for-sale/property/ras-al-khaimah/al-salihia/,1
Ras Al Khaimah,Al Mamourah,https://www.bayut.com/for-sale/property/ras-al-khaimah/al-mamourah/,1
Ras Al Khaimah,Al Degdaga,https://www.bayut.com/for-sale/property/ras-al-khaimah/al-degdaga/,1
Ras Al Khaimah,Ghalilah,https://www.bayut.com/for-sale/property/ras-al-khaimah/ghalilah/,1
Ras Al Khaimah,Al Nudood,https://www.bayut.com/for-sale/property/ras-al-khaimah/al-nudood/,1
Ras Al Khaimah,Ras Al Khaimah Creek,https://www.bayut.com/for-sale/property/ras-al-khaimah/ras-al-khaimah-creek/,1
Ras Al Khaimah,Aljazeera Al Hamra,https://www.bayut.com/for-sale/property/ras-al-khaimah/aljazeera-al-hamra/,1
Fujairah,Address Fujairah Beach Resort,https://www.bayut.com/for-sale/property/fujairah/address-fujairah-beach-resort/,28
Fujairah,Eagle Hills Fujairah Beach,https://www.bayut.com/for-sale/property/fujairah/eagle-hills-fujairah-beach/,10
Fujairah,Al Dana Island,https://www.bayut.com/for-sale/property/fujairah/al-dana-island/,9
Fujairah,Dhadna,https://www.bayut.com/for-sale/property/fujairah/dhadna/,1
Fujairah,Corniche Al Fujairah,https://www.bayut.com/for-sale/property/fujairah/corniche-al-fujairah/,1
Fujairah,Mina Al Fajer,https://www.bayut.com/for-sale/property/fujairah/mina-al-fajer/,1
Umm Al Quwain,Al Seanneeah,https://www.bayut.com/for-sale/property/umm-al-quwain/al-seanneeah/,719
Umm Al Quwain,Old Town Area,https://www.bayut.com/for-sale/property/umm-al-quwain/old-town-area/,272
Umm Al Quwain,Al Salam City,https://www.bayut.com/for-sale/property/umm-al-quwain/al-salam-city/,127
Umm Al Quwain,Al Raudah,https://www.bayut.com/for-sale/property/umm-al-quwain/al-raudah/,40
Umm Al Quwain,Umm Al Quwain Marina,https://www.bayut.com/for-sale/property/umm-al-quwain/umm-al-quwain-marina/,30
Umm Al Quwain,Al Salamah,https://www.bayut.com/for-sale/property/umm-al-quwain/al-salamah/,22
Umm Al Quwain,Al Rass,https://www.bayut.com/for-sale/property/umm-al-quwain/al-rass/,8
Umm Al Quwain,Falaj Al Mualla,https://www.bayut.com/for-sale/property/umm-al-quwain/falaj-al-mualla/,7
Umm Al Quwain,Al Ramlah,https://www.bayut.com/for-sale/property/umm-al-quwain/al-ramlah/,7
Umm Al Quwain,Umm Al Thuoob,https://www.bayut.com/for-sale/property/umm-al-quwain/umm-al-thuoob/,7
Umm Al Quwain,Al Butain,https://www.bayut.com/for-sale/property/umm-al-quwain/al-butain/,5
Umm Al Quwain,Johar,https://www.bayut.com/for-sale/property/umm-al-quwain/johar/,3
Umm Al Quwain,Khalifah City,https://www.bayut.com/for-sale/property/umm-al-quwain/khalifah-city/,3
Umm Al Quwain,Al Humrah,https://www.bayut.com/for-sale/property/umm-al-quwain/al-humrah/,2
Umm Al Quwain,Al Riqqah,https://www.bayut.com/for-sale/property/umm-al-quwain/al-riqqah/,2
Umm Al Quwain,Al Dar Al Baida,https://www.bayut.com/for-sale/property/umm-al-quwain/al-dar-al-baida/,2
Umm Al Quwain,Al Maqtaa,https://www.bayut.com/for-sale/property/umm-al-quwain/al-maqtaa/,2
Umm Al Quwain,Al Hawiyah,https://www.bayut.com/for-sale/property/umm-al-quwain/al-hawiyah/,2
Umm Al Quwain,Al Qarayen,https://www.bayut.com/for-sale/property/umm-al-quwain/al-qarayen/,1
Umm Al Quwain,Al Khour,https://www.bayut.com/for-sale/property/umm-al-quwain/al-khour/,1
Umm Al Quwain,Al Abraq 1,https://www.bayut.com/for-sale/property/umm-al-quwain/al-abraq-1/,1
Umm Al Quwain,Umm Dera,https://www.bayut.com/for-sale/property/umm-al-quwain/umm-dera/,1
